"","effect_size","practice_pred","practice_se","practice_pi_lb","practice_pi_ub","country_pred","country_se","country_pi_lb","country_pi_ub"
"1","pa_effect_size",0.352746639420938,0.0322858334417382,0.192086642823854,0.513406636018022,0.360092412906099,0.0311462292485426,0.0231398332245113,0.697044992587687
"2","na_effect_size",-0.221371870868784,0.0211262181742741,-0.320401577979013,-0.122342163758556,-0.214360660688741,0.0344834845154016,-0.592487201809207,0.163765880431726
"3","optimistic_effect_size",0.232515882941935,0.0172941962301036,0.156050667863426,0.308981098020443,0.237941129335841,0.0284271997345328,-0.0655074559762686,0.541389714647951
"4","ls_effect_size",0.110766958300111,0.00971780917661559,0.0917204022443388,0.129813514355884,0.114203777169197,0.0206733406713331,-0.0901857071427164,0.318593261481111
"5","envy_effect_size",-0.154295332991557,0.0333161913654472,-0.320614102247033,0.0120234362639184,-0.154457780470528,0.0270510721680574,-0.440865156950275,0.13194959600922
"6","indebted_effect_size",0.139480183170385,0.0349176716487206,-0.0354479851715579,0.314408351512328,0.150420103149066,0.0251224500262739,-0.111531796903164,0.412372003201296
