,effect_size,pred,lwr_practice,upr_practice,lwr_country,upr_country,lwr_both,upr_both
1,pa_effect_size,0.366152282,0.238340525,0.493964039,0.082576447,0.649728117,0.055103895,0.67720067
2,na_effect_size,-0.217908305,-0.296720426,-0.139096185,-0.534905823,0.099089212,-0.544556092,0.108739482
3,optimistic_effect_size,0.241183546,0.183794161,0.298572931,-0.013184334,0.495551426,-0.019577954,0.501945046
4,ls_effect_size,0.115600231,0.115598685,0.115601777,-0.055801661,0.287002123,-0.055801661,0.287002123
5,envy_effect_size,-0.158055164,-0.289103454,-0.027006874,-0.398546565,0.082436237,-0.431934277,0.115823948
6,indebted_effect_size,0.153825834,0.017257658,0.290394011,-0.067010422,0.374662091,-0.105826855,0.413478524
