"","effect_size","practice_pred","practice_se","practice_pi_lb","practice_pi_ub","country_pred","country_se","country_pi_lb","country_pi_ub"
"1","pa_effect_size",0.356522341098061,0.0326597634444915,0.193847098573415,0.519197583622707,0.364779075967996,0.0315515643616009,0.0228609389321703,0.706697213003822
"2","na_effect_size",-0.223663599673538,0.0212834961618682,-0.323590389676223,-0.123736809670853,-0.217184182237416,0.0349071085222271,-0.600449750955699,0.166081386480866
"3","optimistic_effect_size",0.235020791976044,0.0175080949568597,0.157263756396682,0.312777827555407,0.240872350230724,0.0288394065398974,-0.0676861549878649,0.549430855449312
"4","ls_effect_size",0.111954790465537,0.00971892550581244,0.092906046341794,0.131003534589279,0.115600230843574,0.0209721473794944,-0.0927329931338907,0.323933454821039
"5","envy_effect_size",-0.155992419781987,0.0336475244827034,-0.324093298008488,0.0121084584445145,-0.156889500706572,0.027421741130095,-0.447927933259031,0.134148931845886
"6","indebted_effect_size",0.141096279431539,0.0353035651843037,-0.0359003521809433,0.318092911044022,0.152775874093131,0.0256211710635273,-0.115484519541651,0.421036267727913
