"","outcome","alpha"
"1","Gratitude",0.893599616991411
"2","Positive Affect",0.92062640164859
"3","Optimism",0.806511580244339
"4","Negative Affect",0.847050777371114
"5","Indebtedness",0.385358992614627
"6","Envy",0.740671991344961
"7","Life Satisfaction",0.883380696977669
"8","Sense of Self",0.737634628854817
