"","outcome","alpha"
"1","Gratitude",0.893599616991364
"2","Positive Affect",0.920626401648574
"3","Optimism",0.806511580244365
"4","Negative Affect",0.847050777371113
"5","Indebtedness",0.385358992614625
"6","Envy",0.740671991345005
"7","Life Satisfaction",0.883380696977675
"8","Sense of Self",0.737634628854842
