"","tau_all","tau_eng","difference","ratio"
"pa_effect_size",0.0297224039732749,0.0235092266126412,0.00621317736063373,0.790959796986127
"na_effect_size",0.0371413091658342,0.0358318773872353,0.00130943177859894,0.964744598184399
"optimistic_effect_size",0.0239149803536343,0.029968233868098,-0.00605325351446365,1.25311555455841
"ls_effect_size",0.0108586718241668,0.0168191860384802,-0.00596051421431349,1.54891742846928
"envy_effect_size",0.0213768907506344,0.0157341267957746,0.00564276395485977,0.736034392434161
"indebted_effect_size",0.0180254555020518,0.0166282096909739,0.00139724581107791,0.922484854215258
