"","country","control_condition","intervention_condition","contrast","pa_mean","na_mean","optimistic_mean","ls_mean","ladder","envy_mean","indebted_mean","gratitude_mean","guilty","ss_mean"
"1","NA","All","All","All vs. All",0.355740512426708,-0.225736079248369,0.243240673134334,0.109002167576969,0.0906623367662684,-0.156995642767715,0.143964016559181,0.50338887652375,-0.0618854307017019,0.128011480316333
