"","effect_size","pred","lwr_practice_heter","upr_practice_heter","lwr_country_heter","upr_country_heter","lwr_both_heter","upr_both_heter","lwr_practice_full","upr_practice_full","lwr_country_full","upr_country_full","lwr_both_full","upr_both_full","var_practice","var_country","var_beta","v_new"
"1","pa_effect_size",0.366152282024077,0.218619305437313,0.513685258610841,0.0825764449760053,0.649728119072148,0.0551038925346642,0.677200671513489,-0.102451267888715,0.834755831936869,-0.166453291643663,0.898757855691817,-0.181574422043184,0.913878986091338,0.00603791641997663,0.0297224039169613,0.00201030578274128,0.0731145056250226
"2","na_effect_size",-0.217908305434528,-0.325804015706062,-0.110012595162994,-0.534905822230461,0.099089211361405,-0.544556091307445,0.108739480438389,-0.67102221256973,0.235205601700674,-0.765254894108675,0.329438283239618,-0.770899841078715,0.335083230209659,0.00229578658272476,0.0371413090788392,0.00160475104956441,0.0719852192675104
"3","optimistic_effect_size",0.241183545613668,0.14778292793331,0.334584163294026,-0.0131843344808931,0.495551425708229,-0.0195779543681462,0.501945045595482,-0.207469883756078,0.689836974983414,-0.271358527449676,0.753725618677012,-0.274561467070929,0.756928558298264,0.00121733082644791,0.0239149803067695,0.00103350593028431,0.0721482269066287
"4","ls_effect_size",0.115600230833324,0.0419107883296752,0.189289673336973,-0.0558016608465181,0.287002122513166,-0.0558016608534927,0.287002122520141,-0.324350349656683,0.555550811323332,-0.35655982861954,0.587760290286188,-0.356559828622072,0.58776029028872,8.83717605177011e-13,0.0108586718231998,0.000439830973577585,0.0711008840639558
"5","envy_effect_size",-0.158055164030768,-0.308400727606386,-0.00770960045515065,-0.398546552595369,0.0824362245338326,-0.43193426605663,0.115823937995093,-0.623214586797847,0.307104258736311,-0.665042088921312,0.348931760859775,-0.681705234748544,0.365594906687008,0.00634758038233187,0.0213768911699358,0.00181227093143211,0.0718142064902145
"6","indebted_effect_size",0.153825834461808,-0.00135470828248407,0.309006377206099,-0.0670104253369366,0.374662094260552,-0.105826857714114,0.413478526637729,-0.31141876087131,0.619070429794925,-0.342732641667912,0.650384310591527,-0.36117046370797,0.668822132631586,0.00689357507234759,0.0180254556873137,0.00180387674711418,0.0713058958107637
