"","effect_size","pred","lwr_practice","upr_practice","lwr_country","upr_country"
"1","pa_effect_size",0.366152282015986,0.213852383880706,0.518452180151267,0.0282446213988689,0.704059942633104
"2","na_effect_size",-0.217908305428452,-0.311820464994838,-0.123996145862065,-0.595641085699729,0.159824474842825
"3","optimistic_effect_size",0.241183545611482,0.17279861851315,0.309568472709815,-0.0619200481094132,0.544287139332378
"4","ls_effect_size",0.115600230833285,0.115598388585264,0.115602073081306,-0.088641473232557,0.319841934899127
"5","envy_effect_size",-0.158055164016617,-0.314211703396976,-0.00189862463625695,-0.444623591285981,0.128513263252748
"6","indebted_effect_size",0.153825834438484,-0.00890817568786934,0.316559844564837,-0.109321633451067,0.416973302328035
