"","effect_size","pred","lwr_practice","upr_practice","lwr_country","upr_country","lwr_both","upr_both"
"1","pa_effect_size",0.366152282024077,0.213852381436512,0.518452182611642,0.0282446217270684,0.704059942321085,-0.00449154512859634,0.73679610917675
"2","na_effect_size",-0.217908305434528,-0.311820465116837,-0.123996145752219,-0.595641085263429,0.159824474394373,-0.607140301413101,0.171323690544045
"3","optimistic_effect_size",0.241183545613668,0.172798619622026,0.309568471605309,-0.0619200478102402,0.544287139037576,-0.0695386557968011,0.551905747024137
"4","ls_effect_size",0.115600230833324,0.115598388310719,0.11560207335593,-0.0886414732234237,0.319841934890072,-0.0886414732317347,0.319841934898383
"5","envy_effect_size",-0.158055164030768,-0.314211703428791,-0.0018986246327459,-0.444623594110611,0.128513266049074,-0.484408239571955,0.168297911510419
"6","indebted_effect_size",0.153825834461808,-0.00890817549901915,0.316559844422635,-0.109321634780031,0.416973303703646,-0.155575116678157,0.463226785601772
