"","effect_size","practice_pred","practice_se","practice_pi_lb","practice_pi_ub","country_pred","country_se","country_pi_lb","country_pi_ub"
"1","pa_effect_size",0.356522341106168,0.0326597642982366,0.193847093972467,0.519197588239869,0.364779076019517,0.0315515640232908,0.0228609431522611,0.706697208886772
"2","na_effect_size",-0.22366359967664,0.0212834963192999,-0.323590390580977,-0.123736808772303,-0.217184182229477,0.0349071085736467,-0.600449751574242,0.166081387115287
"3","optimistic_effect_size",0.235020791970591,0.0175080946849675,0.157263758037397,0.312777825903786,0.24087235019329,0.0288394067083223,-0.0676861571227102,0.54943085750929
"4","ls_effect_size",0.111954790465537,0.0097189255058085,0.0929060463418482,0.131003534589225,0.115600230833117,0.020972147565233,-0.0927329956038868,0.323933457270122
"5","envy_effect_size",-0.155992419781001,0.0336475243440912,-0.324093297261436,0.0121084576994346,-0.156889500612421,0.0274217397286486,-0.447927915593532,0.13414891436869
"6","indebted_effect_size",0.141096279431606,0.0353035651959467,-0.0359003522433234,0.318092911106535,0.152775874091829,0.0256211710576629,-0.115484519468599,0.421036267652256
